<?xml version="1.0" encoding="UTF-8"?>


 <!-- platform公共配置 ，为了方便不同渠道自动对应 版本号，自动生成clientid，默认版本号 跟平台相关，便于母包生成渠道包，对多渠道同时上线有用，
 如果一个一个渠道上线还是要单独配置
	 clientid = client_id_prefix + platform + opid（%03d%02d%03d）
	 -->
<platformCommonConfig >
     <platform id = "2" platformName="android">	
		<client_id_prefix>200</client_id_prefix>	 
		<version>4020001</version>
		<resource_version>4020002</resource_version>
		<game_op_id>2</game_op_id>
		<game_id>1</game_id>
     </platform>
</platformCommonConfig>
<!-- ios -->
<set opid="1" platform="5" platformName="ios">
	<client_id>20001</client_id>	
	<version>20007</version>
	<resource_version>10051</resource_version>
</set>
<!-- 官网 -->
<set opid="2" platform="2" platformName="android">
	<client_id>10001</client_id>
	<version>10003</version>
	<resource_version>10050</resource_version>
</set>
<!-- 华为 -->
<set opid="1000" platform="2" platformName="android">
<client_id>30001</client_id>
<version>30005</version>
<resource_version>10050</resource_version>
</set>
<!-- VIVO -->
<set opid="1002" platform="2" platformName="android">
<client_id>40001</client_id>
<version>40003</version>
<resource_version>10050</resource_version>
</set>
<!-- OPPO -->
<set opid="1003" platform="2" platformName="android">
<client_id>50001</client_id>
<version>50003</version>
<resource_version>10050</resource_version>
</set>
<!-- 小米 -->
<set opid="1004" platform="2" platformName="android">
<client_id>60001</client_id>
<version>60003</version>
<resource_version>10050</resource_version>
</set>
<!-- 魅族 -->
<set opid="1006" platform="2" platformName="android">
<client_id>70001</client_id>
<version>70001</version>
<resource_version>10001</resource_version>
</set>
<!--测试-->
<set opid="6666" platform="2" platformName="android">
	<client_id>10000</client_id>
	<version>10000</version>
	<resource_version>10003</resource_version>
</set>

<QA>0</QA>
<QA_url>http://usercenter-bubu.putao.com/</QA_url>
<api_url>http://api-bubu.putao.com/</api_url>
<!-- <Official_url>http://usercenter-bubu.putao.com/</Official_url> -->
<Official_url>http://nsp-ces.boomgames.cn/</Official_url>

<serverList_url>server/list/index</serverList_url>
<userServerInfo_url>user/api/getUserServerInfo</userServerInfo_url>
<!-- <updateResource_url>client/resource?</updateResource_url> -->
<updateResource_url>api/service/v1/client-version/get-client-config</updateResource_url>


<!-- 内部人员测试使用 -->
<testUpdate_url>http://dev.fire.start.wang/</testUpdate_url>
<testClientID>88801</testClientID>
<testClientSecret>cdb68f6d398031bb017174342fbddf8a</testClientSecret>
<testPeopleToken>http://192.168.32.161:8080/UpdateFiles</testPeopleToken>
